diet,taxon,species,log_sef,log_clear,log_mass,log_enterocyte_density
Carb,Bat,Artibeus lituratus,2.82218486983062,2.6756412720305858,4.238070309447957,17.32793849762765
Carb,Bat,Carollia perspicillata,2.8345317783128263,2.1579265508497203,2.85199308880006,18.03136972308227
Carb,Rodent,Akodon montensis,2.3426064933627417,1.4238910333907944,3.4676788356225927,16.80289030632778
Carb,Rodent,Mus musculus,2.2644095273581097,0.38501909683375524,3.6104363630737035,17.761209873049392
Carb,Rodent,Rattus norvegicus,1.938987502672785,0.21218397581784632,NA,NA
Protein,Bat,Desmodus rotundus,2.5133159461710806,1.1838057039658132,3.645569207479062,17.462450214725227
Protein,Bat,Myotis lucifugus,2.2506679204276834,0.8898244692223429,2.1873005245583292,16.652928749568794
Protein,Bat,Tadarida brasiliensis,2.9117112284763818,0.7207532211392292,2.633478595930323,18.411383501671583
Protein,Rodent,Peromyscus leucopus,2.139474656177736,-0.055520134039644196,3.2454073606320524,16.20738613757728
